NOTE,id,Moy_Pontage,Moy_Comblage,Moy_Longitudinale,Moy_Transversale,Moy_Nid_de_poule,Moy_Faiencage,Moy_Arrachement_pelade,Moy_Remblaiement
9.95509,CCBHS - C10_TRONROUT0000000008410711_0_TRONROUT0000000008410711_168,0.0,0.0,0.0,0.0,0.0,0.0,0.0658683,0.0
9.691360000000001,CCBHS - C10_TRONROUT0000000008410712_0_TRONROUT0000000008410712_81,0.0,0.0,0.0,0.0,0.0,0.0,0.012345700000000001,0.0
10.0,CCBHS - C10_TRONROUT0000000008410715_0_TRONROUT0000000008410715_15,0.0,0.0,0.0,0.0,0.0,0.0,0.0,0.0
9.73451,CCBHS - C10_TRONROUT0000000008410720_0_TRONROUT0000000008410720_116,0.0,0.0,0.0,0.00840336,0.0,0.0,0.0840336,0.0336134
10.0,CCBHS - C2_TRONROUT0000000008410719_0_TRONROUT0000000008410719_16,0.0,0.0,0.0,0.0,0.0,0.0,0.125,0.0
10.0,CCBHS - C2_TRONROUT0000000008411671_0_TRONROUT0000000008411671_218,0.0,0.0,0.0,0.0,0.0,0.0,0.013698599999999998,0.0
10.0,CCBHS - C2_TRONROUT0000000008411672_0_TRONROUT0000000008411672_10,0.0,0.0,0.0,0.0,0.0,0.0,0.0,0.0
10.0,CCBHS - C2_TRONROUT0000000008411675_0_TRONROUT0000000008411675_6,0.0,0.0,0.0,0.0,0.0,0.0,0.0,0.0
10.0,CCBHS - C2_TRONROUT0000000008411676_0_TRONROUT0000000008411676_13,0.0,0.0,0.0,0.0,0.0,0.0,0.307692,0.0
9.7911,CCBHS - C2_TRONROUT0000000035316657_0_TRONROUT0000000035316657_147,0.0,0.0,0.0,0.0,0.0,0.0,0.0136054,0.0
10.0,CCBHS - C2_TRONROUT0000000035316999_0_TRONROUT0000000035316999_9,0.0,0.0,0.0,0.0,0.0,0.0,0.0,0.0
6.53008,CCBHS - CHAPELLE ND DE LA SALETTE_TRONROUT0000000008438444_0_TRONROUT0000000008438444_266,0.0,0.0075188,0.0075188,0.0601504,0.0,0.0,0.161654,0.0
7.4,CCBHS - CHAPELLE ND DE LA SALETTE_TRONROUT0000000008438448_0_TRONROUT0000000008438448_13,0.0,0.0,0.0,0.0,0.0,0.0,0.0,0.0
9.35135,CCBHS - CHAPELLE ND DE LA SALETTE_TRONROUT0000000008438450_0_TRONROUT0000000008438450_86,0.0,0.0,0.0,0.0,0.0,0.0,0.25,0.0
3.5,CCBHS - CHAPELLE ND DE LA SALETTE_TRONROUT0000000008438455_0_TRONROUT0000000008438455_22,0.0,0.0,0.0,0.0,0.0,0.0,0.05,0.0
8.072000000000001,CCBHS - CHAPELLE ND DE LA SALETTE_TRONROUT0000000008438464_0_TRONROUT0000000008438464_126,0.0,0.0327869,0.114754,0.00819672,0.0,0.0,0.270492,0.0
9.50279,CCBHS - CHAPELLE ND DE LA SALETTE_TRONROUT0000000008438470_0_TRONROUT0000000008438470_179,0.0,0.0,0.0331492,0.0220994,0.0165746,0.0,0.28176799999999996,0.0
9.82456,CCBHS - D209_TRONROUT0000000008438491_0_TRONROUT0000000008438491_69,0.0,0.0,0.0851064,0.276596,0.0,0.0,0.361702,0.0
9.92308,CCBHS - D209_TRONROUT0000000008438496_0_TRONROUT0000000008438496_61,0.0,0.0,0.0,0.0588235,0.0,0.0,0.323529,0.0
10.0,CCBHS - D209_TRONROUT0000000008438497_0_TRONROUT0000000008438497_29,0.0,0.0,0.0,0.0,0.0,0.0,0.0384615,0.0
10.0,CCBHS - D209_TRONROUT0000000008438498_0_TRONROUT0000000008438498_187,0.0,0.0,0.0,0.0,0.0116279,0.0,0.7906979999999999,0.0
10.0,CCBHS - D70_TRONROUT0000000008431673_0_TRONROUT0000000008431673_131,0.0,0.0,0.0,0.0,0.0,0.0,0.06870230000000001,0.0
10.0,CCBHS - D70_TRONROUT0000000008433171_0_TRONROUT0000000008433171_200,0.0,0.0348259,0.0,0.014925399999999998,0.0,0.0,0.0895522,0.0
10.0,CCBHS - D70_TRONROUT0000000008433171_200_TRONROUT0000000008433171_400,0.0,0.00995025,0.0,0.0,0.0,0.0,0.0547264,0.0
9.93169,CCBHS - D70_TRONROUT0000000008433171_400_TRONROUT0000000008433171_583,0.0,0.00549451,0.0,0.00549451,0.0,0.0,0.131868,0.010989
10.0,CCBHS - D70_TRONROUT0000000008433194_0_TRONROUT0000000008433194_111,0.0,0.0,0.0,0.0,0.0,0.0,0.12963,0.0
1.80233,CCBHS - GRANDE RUE_TRONROUT0000000008429679_0_TRONROUT0000000008429679_44,0.0,0.0,1.02128,2.31915,0.0,0.553191,0.0,0.31914899999999996
7.8866,CCBHS - IMP DES GRANDES FOUILLES_TRONROUT0000000008413071_0_TRONROUT0000000008413071_194,0.0,0.0,0.28865999999999997,0.12371099999999999,0.0,0.00515464,0.14948499999999998,0.0
8.07547,CCBHS - IMP DES GRANDES FOUILLES_TRONROUT0000000063381715_0_TRONROUT0000000063381715_113,0.0,0.0,0.148148,0.101852,0.0,0.203704,0.08333330000000001,0.0
10.0,CCBHS - IMP DES GRANDES FOUILLES_TRONROUT0000000206160870_0_TRONROUT0000000206160870_55,0.0,0.0,0.227273,0.204545,0.0,0.0,0.0681818,0.0
9.82996,CCBHS - LE BOIS VERNOIS_TRONROUT0000000008433191_0_TRONROUT0000000008433191_250,0.0,0.00806452,0.0120968,0.00403226,0.0,0.00806452,0.13306500000000002,0.0
5.57143,CCBHS - LE BOIS VERNOIS_TRONROUT0000000008433203_0_TRONROUT0000000008433203_36,0.0,0.0,0.027777800000000002,0.0,0.0,0.0,0.638889,0.0
8.150689999999999,CCBHS - LE BOIS VERNOIS_TRONROUT0000000008433204_0_TRONROUT0000000008433204_148,0.0,0.0,0.04,0.05333330000000001,0.0333333,0.0333333,0.306667,0.0
2.36842,CCBHS - LE BOIS VERNOIS_TRONROUT0000000008433206_0_TRONROUT0000000008433206_28,0.0,0.0588235,0.0588235,0.0,0.0,0.0,0.647059,0.0
1.43462,CCBHS - LE BOIS VERNOIS_TRONROUT0000000008433210_0_TRONROUT0000000008433210_133,0.0,0.0155039,0.0387597,0.0697674,0.062015499999999994,0.0,0.26356599999999997,0.00775194
7.1212100000000005,CCBHS - LE BOIS VERNOIS_TRONROUT0000000008433215_0_TRONROUT0000000008433215_38,0.0,0.0,0.0,0.0,0.0,0.0,0.13333299999999998,0.0
5.89634,CCBHS - LE BOIS VERNOIS_TRONROUT0000000008434809_0_TRONROUT0000000008434809_174,0.0,0.054877999999999996,0.0304878,0.0304878,0.097561,0.0487805,1.4878,0.0
9.49495,CCBHS - LE BOIS VERNOIS_TRONROUT0000000357273490_0_TRONROUT0000000357273490_200,0.0,0.0,0.0,0.00497512,0.00497512,0.0,0.333333,0.0
9.82,CCBHS - LE BOIS VERNOIS_TRONROUT0000000357273490_200_TRONROUT0000000357273490_400,0.0,0.0,0.00995025,0.0,0.00497512,0.0,0.383085,0.0
9.815,CCBHS - LE BOIS VERNOIS_TRONROUT0000000357273490_400_TRONROUT0000000357273490_600,0.0,0.00497512,0.014925399999999998,0.0,0.00497512,0.0,0.189055,0.0
8.795539999999999,CCBHS - LE BOIS VERNOIS_TRONROUT0000000357273490_600_TRONROUT0000000357273490_869,0.0,0.0,0.014925399999999998,0.037313400000000004,0.0,0.00373134,0.130597,0.0
9.71257,CCBHS - R DE BOURGOGNE_TRONROUT0000000057612586_0_TRONROUT0000000057612586_175,0.0,0.0,0.023952099999999997,0.0,0.0,0.0,0.0179641,0.0
9.05435,CCBHS - R DE LA CHIFFOGNE_TRONROUT0000000008409597_0_TRONROUT0000000008409597_191,0.0,0.0,0.0,0.027173900000000004,0.00543478,0.0,0.0706522,0.0
10.0,CCBHS - R DE LA COMBE_TRONROUT0000000008438467_0_TRONROUT0000000008438467_36,0.0,0.0,0.0,0.0,0.0,0.0,0.171429,0.057142899999999996
9.52239,CCBHS - R DE LA COMBE_TRONROUT0000000245037823_0_TRONROUT0000000245037823_202,0.0,0.00492611,0.00492611,0.00492611,0.0,0.0,0.349754,0.0344828
7.67956,CCBHS - R DE LA MAIRIE_TRONROUT0000000064722563_0_TRONROUT0000000064722563_183,0.0,0.0,0.127072,0.0718232,0.0,0.0,0.160221,0.0
8.55603,CCBHS - R DES FONTAINES_TRONROUT0000000008438465_0_TRONROUT0000000008438465_122,0.0,0.0178571,0.0178571,0.00892857,0.0,0.0892857,0.232143,0.07142860000000001
10.0,CCBHS - R DES FONTAINES_TRONROUT0000000008438476_0_TRONROUT0000000008438476_153,0.0,0.0,0.0253165,0.03797469999999999,0.0,0.0,0.132911,0.177215
9.8,CCBHS - R DES LABOUREURS_TRONROUT0000000035316909_0_TRONROUT0000000035316909_200,0.0,0.0,0.019900499999999998,0.0348259,0.0,0.0,0.0696517,0.0
9.16863,CCBHS - R DES LABOUREURS_TRONROUT0000000035316909_200_TRONROUT0000000035316909_455,0.0,0.0,0.00393701,0.00393701,0.0,0.00393701,0.102362,0.0
9.87,CCBHS - R DES LABOUREURS_TRONROUT0000000035316911_0_TRONROUT0000000035316911_200,0.0,0.0,0.029702999999999997,0.0,0.0,0.0,0.0841584,0.0
9.56863,CCBHS - R DES LABOUREURS_TRONROUT0000000035316911_200_TRONROUT0000000035316911_302,0.0,0.0,0.0,0.0,0.0,0.0,0.08910889999999999,0.0
9.91579,CCBHS - R DES LABOUREURS_TRONROUT0000000057612585_0_TRONROUT0000000057612585_190,0.0,0.0,0.00526316,0.00526316,0.0,0.0,0.0894737,0.0
9.88095,CCBHS - R DU CHATEAU_TRONROUT0000000008438463_0_TRONROUT0000000008438463_64,0.0,0.0298507,0.014925399999999998,0.0746269,0.0,0.0,0.149254,0.104478
4.831519999999999,CCBHS - R DU CLOS_TRONROUT0000000008437289_0_TRONROUT0000000008437289_92,0.0,0.0212766,0.23404299999999997,0.0319149,0.0,0.0,0.276596,0.0106383
7.29167,CCBHS - R DU CLOS_TRONROUT0000000320072716_0_TRONROUT0000000320072716_50,0.0,0.0,0.08333330000000001,0.10416700000000001,0.0,0.0,0.9375,0.10416700000000001
8.33,CCBHS - R DU PRE BAYARD_TRONROUT0000000008438484_0_TRONROUT0000000008438484_57,0.0,0.18867899999999999,0.0188679,0.0188679,0.0188679,0.0,1.6981099999999998,0.0
9.090639999999999,CCBHS - R DU SABLON_TRONROUT0000000206160597_0_TRONROUT0000000206160597_172,0.0,0.0116279,0.0174419,0.156977,0.0,0.0116279,0.180233,0.0
6.427309999999999,CCBHS - R DU SABLON_TRONROUT0000002008660679_0_TRONROUT0000002008660679_228,0.0,0.00881057,0.11894300000000001,0.259912,0.0,0.140969,0.105727,0.0
9.39655,CCBHS - R DU VAL DE BRENNE_TRONROUT0000000008410708_0_TRONROUT0000000008410708_31,0.0,0.0,0.0,0.0,0.0384615,0.0,0.153846,0.0
9.85714,CCBHS - R EMILE PICARD_TRONROUT0000000245037821_0_TRONROUT0000000245037821_176,0.0,0.011363600000000001,0.011363600000000001,0.00568182,0.0,0.0,0.24431799999999998,0.0
6.6,CCBHS - R FERDINAND_TRONROUT0000000008409593_0_TRONROUT0000000008409593_162,0.0,0.030302999999999997,0.115152,0.0242424,0.0,0.21818200000000001,0.418182,0.0
3.84,CCBHS - R FERDINAND_TRONROUT0000000008409594_0_TRONROUT0000000008409594_200,0.0,0.0,0.09452739999999998,0.164179,0.0,0.522388,0.139303,0.014925399999999998
6.87805,CCBHS - R FERDINAND_TRONROUT0000000008409594_200_TRONROUT0000000008409594_323,0.0,0.00819672,0.00819672,0.23770500000000003,0.0,0.163934,0.0983607,0.0
10.0,CCBHS - R FERDINAND_TRONROUT0000000008409600_0_TRONROUT0000000008409600_17,0.0,0.0,0.0,0.0,0.0,0.0,0.0588235,0.0
10.0,CCBHS - R FERDINAND_TRONROUT0000000008409601_0_TRONROUT0000000008409601_11,0.0,0.0,0.0,0.0909091,0.0,0.0,0.454545,0.0
6.907039999999999,CCBHS - R FERDINAND_TRONROUT0000000008410714_0_TRONROUT0000000008410714_200,0.0,0.014851499999999998,0.15346500000000002,0.20297,0.0,0.044554500000000004,0.316832,0.054455399999999994
5.06684,CCBHS - R FERDINAND_TRONROUT0000000008410714_200_TRONROUT0000000008410714_387,0.0,0.0,0.155914,0.18279600000000001,0.0107527,0.016128999999999998,0.49462399999999995,0.204301
4.45,CCBHS - R FERDINAND_TRONROUT0000000008410716_0_TRONROUT0000000008410716_51,0.0,0.0,0.09803919999999999,0.41176499999999994,0.0,0.137255,0.490196,0.43137299999999995
8.76923,CCBHS - R FERDINAND_TRONROUT0000000245061117_0_TRONROUT0000000245061117_14,0.0,0.0,0.153846,0.07692310000000001,0.0,0.230769,0.384615,0.0
10.0,CCBHS - R SABLON_TRONROUT0000000064759752_0_TRONROUT0000000064759752_96,0.0,0.0,0.010416700000000001,0.0,0.0,0.0,0.333333,0.0
6.911760000000001,CCBHS - R SABLON_TRONROUT0000000064759753_0_TRONROUT0000000064759753_136,0.0,0.0,0.0740741,0.155556,0.0,0.037037,0.0962963,0.0
9.35758,CCBHS - RTE DE LA CHASSAGNE_TRONROUT0000000008411673_0_TRONROUT0000000008411673_168,0.0,0.0,0.0,0.00609756,0.0,0.0,0.054877999999999996,0.0
7.95,CCBHS - RTE DE LA CHASSAGNE_TRONROUT0000000008411680_0_TRONROUT0000000008411680_40,0.0,0.0,0.0,0.05,0.0,0.0,0.025,0.0
9.75879,CCBHS - RTE DE LA CHASSAGNE_TRONROUT0000000243611751_0_TRONROUT0000000243611751_200,0.0,0.0,0.0,0.0,0.0,0.0,0.034653500000000004,0.0
8.83333,CCBHS - RTE DE LA CHASSAGNE_TRONROUT0000000243611751_200_TRONROUT0000000243611751_449,0.0,0.0,0.0322581,0.0,0.0,0.0,0.036290300000000004,0.0
9.74468,CCBHS - RTE DE LONS_TRONROUT0000000008429738_0_TRONROUT0000000008429738_95,0.0,0.0,0.11458299999999999,0.0,0.0,0.03125,0.052083300000000006,0.0
8.143410000000001,CCBHS - RTE DE LONS_TRONROUT0000000008429740_0_TRONROUT0000000008429740_258,0.0,0.0,0.232558,0.271318,0.0,0.0387597,0.0310078,0.00775194
5.77358,CCBHS - RTE DE LONS_TRONROUT0000000008431641_0_TRONROUT0000000008431641_53,0.0,0.0,0.18867899999999999,0.20754699999999998,0.0,0.11320799999999999,0.358491,0.11320799999999999
10.0,CCBHS - RTE DE LONS_TRONROUT0000000008431642_0_TRONROUT0000000008431642_248,0.00401606,0.00401606,0.0,0.0,0.0,0.0,0.05220880000000001,0.0
9.75,CCBHS - RTE DE LONS_TRONROUT0000000008431646_0_TRONROUT0000000008431646_193,0.0,0.0,0.08808289999999999,0.015544,0.0,0.031088099999999997,0.015544,0.0
9.82514,CCBHS - RTE DE LONS_TRONROUT0000000214996206_0_TRONROUT0000000214996206_184,0.0,0.0,0.0108696,0.043478300000000004,0.0,0.0,0.11413,0.00543478
9.86364,CCBHS - RTE DE MOUTHIER_TRONROUT0000000035316908_0_TRONROUT0000000035316908_23,0.0,0.166667,0.0,0.0,0.0,0.0,0.041666699999999994,0.041666699999999994
9.3625,CCBHS - RTE DE MOUTHIER_TRONROUT0000000064722570_0_TRONROUT0000000064722570_200,0.0,0.0,0.00497512,0.00995025,0.0,0.0,0.134328,0.00497512
9.29394,CCBHS - RTE DE MOUTHIER_TRONROUT0000000064722570_200_TRONROUT0000000064722570_365,0.0,0.0,0.0,0.0666667,0.0,0.0,0.16969700000000001,0.0
9.45455,CCBHS - RTE DE MOUTHIER_TRONROUT0000000064759754_0_TRONROUT0000000064759754_23,0.0,0.0,0.0,0.130435,0.0,0.0,0.565217,0.0
8.29851,CCBHS - RTE DE MOUTHIER_TRONROUT0000000243611752_0_TRONROUT0000000243611752_68,0.0,0.0597015,0.0746269,0.0,0.0,0.0,0.328358,0.0
6.25,CD27 - D167_TRONROUT0000000001268440_0_TRONROUT0000000001268440_246,0.0,0.00408163,0.00408163,0.0122449,0.00816326,0.0122449,0.110204,0.44489799999999996
9.45455,CD27 - D167_TRONROUT0000000001268465_0_TRONROUT0000000001268465_80,0.0,0.0,0.0,0.0,0.0,0.0,0.0,0.0909091
7.9537,CD27 - D167_TRONROUT0000002008399394_0_TRONROUT0000002008399394_217,0.0,0.00462963,0.00462963,0.0,0.0,0.0,0.023148099999999998,0.226852
7.401689999999999,CD27 - D64_TRONROUT0000000059664826_0_TRONROUT0000000059664826_191,0.0,0.0,0.0170455,0.0795455,0.0,0.0,0.0340909,0.0
5.59059,CD27 - D81_TRONROUT0000000001213954_0_TRONROUT0000000001213954_291,0.0,0.0238095,0.187075,0.010204099999999999,0.0,0.054421800000000006,0.217687,0.00680272
6.71212,CD27 - D81_TRONROUT0000000001213955_0_TRONROUT0000000001213955_66,0.0,0.0,0.061728399999999996,0.0,0.0,0.0,0.024691400000000002,0.0
3.7921300000000002,CD27 - D81_TRONROUT0000000001213972_0_TRONROUT0000000001213972_179,0.0,0.0393258,0.348315,0.050561800000000004,0.0,0.191011,0.21910100000000002,0.11235999999999999
4.3125,CD27 - D81_TRONROUT0000000330553920_0_TRONROUT0000000330553920_200,0.0,0.00990099,0.158416,0.0,0.0,0.15346500000000002,0.108911,0.0792079
3.89068,CD27 - D81_TRONROUT0000000330553920_200_TRONROUT0000000330553920_479,0.00358423,0.0107527,0.207885,0.0,0.0,0.114695,0.197133,0.0430108
7.5,CD27 - D93_TRONROUT0000000001166974_0_TRONROUT0000000001166974_78,0.012820500000000002,0.0,0.0,0.0,0.012820500000000002,0.0,0.12820499999999999,0.025641000000000004
6.7425,CD27 - D93_TRONROUT0000000001169864_0_TRONROUT0000000001169864_200,0.0,0.0,0.0746269,0.00995025,0.0,0.0,0.149254,0.0447761
8.88,CD27 - D93_TRONROUT0000000001169864_200_TRONROUT0000000001169864_400,0.005,0.065,0.19,0.005,0.005,0.0,0.08,0.08
8.3625,CD27 - D93_TRONROUT0000000001169864_400_TRONROUT0000000001169864_600,0.01,0.01,0.185,0.0,0.0,0.015,0.05,0.04
7.27,CD27 - D93_TRONROUT0000000001169864_600_TRONROUT0000000001169864_800,0.0,0.0,0.165,0.0,0.0,0.01,0.095,0.01
6.71,CD27 - D93_TRONROUT0000000001169864_800_TRONROUT0000000001169864_1000,0.0,0.19,0.11,0.0,0.005,0.0,0.11,0.015
6.6425,CD27 - D93_TRONROUT0000000001169864_1000_TRONROUT0000000001169864_1200,0.0,0.005,0.16,0.01,0.0,0.0,0.03,0.27
7.119910000000001,CD27 - D93_TRONROUT0000000001169864_1200_TRONROUT0000000001169864_1421,0.00452489,0.0180995,0.104072,0.0,0.0,0.0,0.0271493,0.113122
7.87975,CD27 - D93_TRONROUT0000000001171529_0_TRONROUT0000000001171529_91,0.0125,0.0,0.15,0.0,0.0,0.0,0.1,0.2
3.0,CD33 - D10_TRONROUT0000000051596082_0_TRONROUT0000000051596082_200,0.916256,0.0,0.300493,0.00492611,0.0,0.0,0.00492611,0.00492611
3.0,CD33 - D10_TRONROUT0000000051596082_200_TRONROUT0000000051596082_449,1.57831,0.00401606,0.0963855,0.00401606,0.0,0.0,0.0401606,0.00401606
4.5,CD33 - D10_TRONROUT0000000051596083_0_TRONROUT0000000051596083_145,1.1379299999999999,0.0,0.07586210000000002,0.0137931,0.0,0.0,0.0137931,0.0
7.692310000000001,CD33 - D10_TRONROUT0000000051596089_0_TRONROUT0000000051596089_53,0.277778,0.0185185,0.09259260000000001,0.037037,0.0,0.0,0.037037,0.0185185
6.0,CD33 - D10_TRONROUT0000000051596090_0_TRONROUT0000000051596090_142,1.9444400000000002,0.0,0.381944,0.013888900000000001,0.0,0.0,0.00694444,0.0
8.10345,CD33 - D10_TRONROUT0000000051596092_0_TRONROUT0000000051596092_58,0.730769,0.0,0.0576923,0.07692310000000001,0.0,0.0,0.0576923,0.0
7.5,CD33 - D10_TRONROUT0000000051596093_0_TRONROUT0000000051596093_21,0.055555600000000004,0.0,0.0,0.027777800000000002,0.0,0.0,0.333333,0.0
3.0,CD33 - D10_TRONROUT0000000051598128_0_TRONROUT0000000051598128_200,4.0495,0.0,0.054455399999999994,0.0,0.0,0.0,0.0247525,0.0
3.0,CD33 - D10_TRONROUT0000000051598128_200_TRONROUT0000000051598128_490,4.02422,0.0,0.148789,0.0,0.0,0.0,0.017301,0.0
7.5,CD33 - D10_TRONROUT0000000051598138_0_TRONROUT0000000051598138_17,4.23529,0.0,0.17647100000000002,0.0,0.0,0.0,0.0,0.0
4.5,CD33 - D10_TRONROUT0000000051598172_0_TRONROUT0000000051598172_245,2.67755,0.00408163,0.25306100000000004,0.00408163,0.0,0.0,0.0,0.0
3.0,CD33 - D10_TRONROUT0000000051598173_0_TRONROUT0000000051598173_204,1.62981,0.0,0.158654,0.0,0.0,0.0,0.0,0.0
3.23869,CD33 - D10_TRONROUT0000000051600217_0_TRONROUT0000000051600217_200,1.69458,0.00492611,0.5615760000000001,0.0147783,0.0,0.0,0.00492611,0.00492611
2.5,CD33 - D10_TRONROUT0000000051600217_200_TRONROUT0000000051600217_430,2.97297,0.0,0.0495495,0.0045045,0.0,0.0045045,0.00900901,0.0135135
8.75,CD33 - D10E8_TRONROUT0000000051596081_0_TRONROUT0000000051596081_25,0.173913,0.0,0.0869565,0.0,0.0,0.0,0.0,0.0
7.056960000000001,CD33 - D10E8_TRONROUT0000000051596085_0_TRONROUT0000000051596085_80,2.0875,0.0,0.0375,0.05,0.0,0.0,0.0125,0.0125
7.82609,CD33 - D10E8_TRONROUT0000000051596086_0_TRONROUT0000000051596086_24,0.708333,0.0,0.125,0.0,0.0,0.0,0.0,0.0
7.00667,CD33 - D10E8_TRONROUT0000000051596087_0_TRONROUT0000000051596087_76,0.8815790000000001,0.0,0.0263158,0.0,0.0,0.0,0.0,0.0
10.0,CD33 - D10E8_TRONROUT0000000051596088_0_TRONROUT0000000051596088_13,0.307692,0.0,0.0,0.0,0.0,0.0,0.0,0.153846
8.75,CD33 - D10E8_TRONROUT0000000051596091_0_TRONROUT0000000051596091_15,0.0,0.0,0.0,0.0,0.0,0.0,0.0,0.0
9.54268,CD33 - D10E8_TRONROUT0000000051598127_0_TRONROUT0000000051598127_246,0.0,0.00813008,0.300813,0.0569106,0.0,0.00406504,0.0406504,0.00406504
8.0,CD33 - D10E8_TRONROUT0000000051598130_0_TRONROUT0000000051598130_56,1.54386,0.0,0.45614,0.368421,0.0,0.0,0.03508769999999999,0.0
7.514289999999999,CD33 - D10E8_TRONROUT0000000051598131_0_TRONROUT0000000051598131_36,0.0,0.0,0.611111,0.055555600000000004,0.0,0.0,0.0,0.0
9.468589999999999,CD33 - D10E8_TRONROUT0000000051598136_0_TRONROUT0000000051598136_192,0.0,0.0,0.284974,0.0207254,0.0,0.00518135,0.00518135,0.0103627
9.65455,CD33 - D10E8_TRONROUT0000000051598137_0_TRONROUT0000000051598137_221,0.07272730000000001,0.0,0.359091,0.0,0.0,0.0,0.08636360000000001,0.07272730000000001
9.27778,CD33 - D10E8_TRONROUT0000000051598139_0_TRONROUT0000000051598139_46,0.42222200000000004,0.0,0.288889,0.2,0.0,0.0,0.0222222,0.0
10.0,CD33 - D10E8_TRONROUT0000000051598140_0_TRONROUT0000000051598140_44,0.0,0.0,0.355556,0.08888889999999999,0.0,0.0,0.0444444,0.0222222
8.0,CD33 - D10E8_TRONROUT0000000051598141_0_TRONROUT0000000051598141_21,0.380952,0.0,0.0952381,0.0,0.0,0.0,0.0,0.047619
10.0,CD33 - D10E8_TRONROUT0000000051598142_0_TRONROUT0000000051598142_13,0.0,0.0,0.6153850000000001,0.307692,0.0,0.0,0.0,0.0
10.0,CD33 - D10E8_TRONROUT0000000051598147_0_TRONROUT0000000051598147_7,0.0,0.0,0.28571399999999997,0.0,0.0,0.0,0.0,0.0
9.074689999999999,CD33 - D10E8_TRONROUT0000000051600213_0_TRONROUT0000000051600213_241,0.0164609,0.0,0.567901,0.028806599999999998,0.0,0.0,0.0164609,0.061728399999999996
8.17949,CD33 - D10E8_TRONROUT0000000051600215_0_TRONROUT0000000051600215_48,0.638889,0.0,0.08333330000000001,0.027777800000000002,0.0,0.027777800000000002,0.11111099999999999,0.0
8.0,CD33 - D10E8_TRONROUT0000000051600220_0_TRONROUT0000000051600220_52,1.6470599999999997,0.0,0.9215690000000001,0.0196078,0.0,0.0196078,0.0,0.0196078
5.0,CD33 - D10E8_TRONROUT0000000051600225_0_TRONROUT0000000051600225_4,0.0,0.0,1.0,0.0,0.0,0.0,0.0,0.0
5.125,CD33 - D10E8_TRONROUT0000000051600226_0_TRONROUT0000000051600226_112,0.1875,0.00892857,0.9464290000000001,0.07142860000000001,0.0,0.035714300000000004,0.125,0.14285699999999998
7.42857,CD33 - D10E8_TRONROUT0000000051600230_0_TRONROUT0000000051600230_36,0.22222199999999998,0.0,1.02778,0.305556,0.0,0.0,0.027777800000000002,0.11111099999999999
5.57353,CD33 - D10E8_TRONROUT0000000051600233_0_TRONROUT0000000051600233_69,0.228571,0.0,1.0,0.0142857,0.0,0.0,0.0142857,0.128571
9.673910000000001,CD33 - D10E8_TRONROUT0000002245358594_0_TRONROUT0000002245358594_231,0.297414,0.0,0.116379,0.0,0.0,0.0,0.0215517,0.0215517
10.0,CD33 - D119_TRONROUT0000000051537363_0_TRONROUT0000000051537363_228,0.0,0.0289017,0.0,0.0,0.0,0.0,0.0924855,0.0
10.0,CD33 - D119_TRONROUT0000000051541349_0_TRONROUT0000000051541349_209,0.0,0.0,0.0141509,0.0,0.0,0.0,0.231132,0.0
10.0,CD33 - D119_TRONROUT0000000051541350_0_TRONROUT0000000051541350_90,0.0,0.0,0.0348837,0.0,0.0,0.0,0.104651,0.0465116
10.0,CD33 - D119_TRONROUT0000002003962743_0_TRONROUT0000002003962743_48,0.0,0.0,0.0,0.0,0.0,0.0,0.229167,0.0
9.02113,CD33 - D123_TRONROUT0000000051545493_0_TRONROUT0000000051545493_284,0.0,0.00350877,0.0666667,0.0596491,0.0,0.010526299999999999,0.203509,0.0
8.14356,CD33 - D123_TRONROUT0000000051545500_0_TRONROUT0000000051545500_203,0.0,0.014851499999999998,0.0,0.0,0.0,0.0,0.148515,0.0
9.67949,CD33 - D123_TRONROUT0000000051545501_0_TRONROUT0000000051545501_78,0.0,0.0,0.0,0.0506329,0.012658200000000001,0.0,0.06329109999999999,0.0
8.87097,CD33 - D123_TRONROUT0000000051545507_0_TRONROUT0000000051545507_33,0.0,0.0,0.0,0.0,0.0333333,0.0,0.166667,0.0
8.85678,CD33 - D123_TRONROUT0000000051549106_0_TRONROUT0000000051549106_200,0.0,0.019802,0.0643564,0.0,0.0,0.0,0.158416,0.00495049
6.16,CD33 - D123_TRONROUT0000000051549106_200_TRONROUT0000000051549106_400,0.0,0.0,0.095,0.0,0.0,0.0,0.23,0.0
9.2725,CD33 - D123_TRONROUT0000000051549106_400_TRONROUT0000000051549106_600,0.0,0.0,0.025,0.0,0.0,0.005,0.06,0.0
8.83544,CD33 - D123_TRONROUT0000000051549106_600_TRONROUT0000000051549106_758,0.0,0.012658200000000001,0.0,0.0,0.0,0.0,0.240506,0.0
7.84375,CD33 - D123_TRONROUT0000000051549109_0_TRONROUT0000000051549109_97,0.0,0.0,0.0,0.0,0.0,0.0,0.164948,0.0
9.751719999999999,CD33 - D123_TRONROUT0000000051549114_0_TRONROUT0000000051549114_146,0.0,0.0,0.0205479,0.0,0.0,0.00684932,0.212329,0.0
7.595,CD33 - D123_TRONROUT0000000051552150_0_TRONROUT0000000051552150_200,0.0,0.00495049,0.049505,0.0,0.0,0.0,0.336634,0.0
8.88256,CD33 - D123_TRONROUT0000000051552150_200_TRONROUT0000000051552150_481,0.0,0.0430108,0.0716846,0.00716846,0.0,0.0,0.10394300000000001,0.0
7.94643,CD33 - D123_TRONROUT0000000051552151_0_TRONROUT0000000051552151_224,0.0,0.00896861,0.0807175,0.0,0.0,0.0,0.20627800000000002,0.0
7.13333,CD33 - D123_TRONROUT0000000051552152_0_TRONROUT0000000051552152_90,0.0,0.0,0.0,0.0,0.0,0.0,0.043956,0.0
7.0,CD33 - D123_TRONROUT0000000051555346_0_TRONROUT0000000051555346_5,0.0,0.0,0.0,0.0,0.0,0.0,0.0,0.0
8.73864,CD33 - D123_TRONROUT0000000051555347_0_TRONROUT0000000051555347_176,0.0,0.0,0.0,0.0,0.0,0.0,0.16,0.0
7.58333,CD33 - D123_TRONROUT0000000051555348_0_TRONROUT0000000051555348_48,0.0,0.0,0.14285699999999998,0.0,0.0,0.0,0.122449,0.0
9.76,CD33 - D123_TRONROUT0000000051555349_0_TRONROUT0000000051555349_200,0.0,0.00497512,0.0,0.00497512,0.0,0.0,0.0746269,0.0
10.0,CD33 - D123_TRONROUT0000000051555349_200_TRONROUT0000000051555349_381,0.0,0.00598802,0.0,0.0,0.0,0.0,0.15568900000000002,0.0
9.735289999999999,CD33 - D123_TRONROUT0000000245893004_0_TRONROUT0000000245893004_69,0.0,0.0147059,0.0147059,0.0882353,0.0,0.0,0.0588235,0.0
10.0,CD33 - D128_TRONROUT0000000051541255_0_TRONROUT0000000051541255_7,0.0,0.0,0.333333,0.0,0.0,0.0,0.0,0.0
10.0,CD33 - D128_TRONROUT0000000051541262_0_TRONROUT0000000051541262_21,0.0,0.0,0.26087,0.0,0.0,0.0869565,0.0,0.0
9.22414,CD33 - D128_TRONROUT0000000051541267_0_TRONROUT0000000051541267_59,0.0,0.0,0.2,0.05,0.0166667,0.0,0.13333299999999998,0.0
6.15125,CD33 - D128_TRONROUT0000000051541273_0_TRONROUT0000000051541273_282,0.0,0.0,0.0248227,0.0815603,0.0070922,0.0141844,0.230496,0.0212766
4.9206900000000005,CD33 - D128_TRONROUT0000000051541307_0_TRONROUT0000000051541307_146,0.0,0.0201342,0.375839,0.147651,0.0,0.026845599999999997,0.161074,0.033557
9.23664,CD33 - D128_TRONROUT0000000051541308_0_TRONROUT0000000051541308_131,0.0,0.0,0.618321,0.0305344,0.0,0.0,0.137405,0.0
10.0,CD33 - D128_TRONROUT0000000051541310_0_TRONROUT0000000051541310_66,0.0,0.0,0.0,0.0153846,0.0,0.0,0.0307692,0.12307699999999999
8.5,CD33 - D128_TRONROUT0000000051541311_0_TRONROUT0000000051541311_53,0.0,0.0,0.0816327,0.28571399999999997,0.0,0.0,0.020408199999999998,0.020408199999999998
7.8125,CD33 - D128_TRONROUT0000000051541312_0_TRONROUT0000000051541312_17,0.0,0.0,0.294118,0.647059,0.0,0.0,0.0,0.0
10.0,CD33 - D128_TRONROUT0000000051541314_0_TRONROUT0000000051541314_5,0.0,0.0,0.0,0.0,0.0,0.0,0.0,0.0
5.0,CD33 - D128_TRONROUT0000000051541315_0_TRONROUT0000000051541315_67,0.0,0.0,1.2238799999999999,0.0,0.0,0.0,0.149254,0.0
5.0,CD33 - D128_TRONROUT0000000051541316_0_TRONROUT0000000051541316_4,0.0,0.0,1.0,0.0,0.0,0.0,0.75,0.0
4.175,CD33 - D128_TRONROUT0000000051541348_0_TRONROUT0000000051541348_200,0.0,0.0,0.0594059,0.29703,0.0,0.0,0.08910889999999999,0.0
2.68478,CD33 - D128_TRONROUT0000000051541348_200_TRONROUT0000000051541348_476,0.0,0.0182482,0.0109489,0.10219,0.0,0.0,0.189781,0.00729927
1.9236099999999998,CD33 - D128_TRONROUT0000000051541352_0_TRONROUT0000000051541352_72,0.0,0.013698599999999998,0.027397300000000003,0.520548,0.013698599999999998,0.0,0.589041,0.0
8.05556,CD33 - D128_TRONROUT0000000051541353_0_TRONROUT0000000051541353_18,0.0,0.0,0.05,0.0,0.0,0.0,0.0,0.0
10.0,CD33 - D128_TRONROUT0000000051541356_0_TRONROUT0000000051541356_93,0.0,0.0,0.06451609999999999,0.0,0.0,0.0,0.0107527,0.0
10.0,CD33 - D128_TRONROUT0000000245893005_0_TRONROUT0000000245893005_32,0.0,0.0,0.0,0.3,0.0,0.0333333,0.1,0.0
10.0,CD33 - D128_TRONROUT0000000245893006_0_TRONROUT0000000245893006_39,0.0,0.0,0.0285714,0.0,0.0,0.0285714,0.0,0.0
7.53425,CD33 - D128_TRONROUT0000000245893007_0_TRONROUT0000000245893007_73,0.0,0.0,0.7260270000000001,0.027397300000000003,0.0,0.0,0.013698599999999998,0.0
10.0,CD33 - D128_TRONROUT0000000316709827_0_TRONROUT0000000316709827_22,0.0,0.0,0.130435,0.0869565,0.0,0.0,0.0,0.0
10.0,CD33 - D128_TRONROUT0000000339060016_0_TRONROUT0000000339060016_36,0.0,0.0,0.055555600000000004,0.138889,0.0,0.0,0.0,0.0
5.0,CD33 - D130_TRONROUT0000000051520806_0_TRONROUT0000000051520806_34,0.0,0.08571430000000001,0.0,0.14285699999999998,0.08571430000000001,0.0285714,3.0,0.0
5.719609999999999,CD33 - D130_TRONROUT0000000051520823_0_TRONROUT0000000051520823_255,0.0,0.0310078,0.127907,0.0232558,0.00775194,0.209302,1.9263599999999999,0.0775194
7.56,CD33 - D130_TRONROUT0000000051525247_0_TRONROUT0000000051525247_255,0.008,0.048,0.08800000000000001,0.064,0.0,0.027999999999999997,1.032,0.212
5.9589,CD33 - D130_TRONROUT0000000051525252_0_TRONROUT0000000051525252_73,0.0,0.0,0.041666699999999994,0.055555600000000004,0.0,0.166667,0.291667,0.041666699999999994
7.142860000000001,CD33 - D130_TRONROUT0000000051525258_0_TRONROUT0000000051525258_21,0.0,0.0,0.0,0.0454545,0.0,0.0,0.0,0.0
6.43478,CD33 - D130_TRONROUT0000000051525259_0_TRONROUT0000000051525259_95,0.0,0.0,0.21875,0.041666699999999994,0.0,0.0,0.25,0.354167
5.0,CD33 - D130_TRONROUT0000000323973034_0_TRONROUT0000000323973034_25,0.0,0.041666699999999994,0.041666699999999994,0.125,0.166667,0.208333,2.20833,0.041666699999999994
10.0,CD33 - D130E4_TRONROUT0000000051529346_0_TRONROUT0000000051529346_30,0.0,0.0,0.0,0.0,0.0,0.0,0.23333299999999998,0.0
9.92424,CD33 - D130E4_TRONROUT0000000096380189_0_TRONROUT0000000096380189_200,0.0,0.024875599999999998,0.0,0.0,0.0,0.0,0.41293500000000005,0.0
10.0,CD33 - D130E4_TRONROUT0000000096380189_200_TRONROUT0000000096380189_400,0.0,0.0,0.0,0.00995025,0.0,0.0,0.283582,0.0
10.0,CD33 - D130E4_TRONROUT0000000096380189_400_TRONROUT0000000096380189_674,0.0,0.0036630000000000005,0.0,0.0036630000000000005,0.0,0.0,0.212454,0.0036630000000000005
10.0,CD33 - D130E4_TRONROUT0000000096380190_0_TRONROUT0000000096380190_47,0.0,0.0,0.0,0.0,0.0,0.0,0.0638298,0.0
9.495410000000001,CD33 - D130E4_TRONROUT0000000129499422_0_TRONROUT0000000129499422_110,0.0,0.0,0.0,0.0,0.0,0.0,0.261261,0.0
9.83668,CD33 - D130E4_TRONROUT0000000129499446_0_TRONROUT0000000129499446_200,0.0,0.0,0.0,0.0,0.0,0.0,0.185,0.0
10.0,CD33 - D130E4_TRONROUT0000000129499446_200_TRONROUT0000000129499446_426,0.0,0.00446429,0.0,0.00446429,0.0,0.0,0.11607100000000001,0.0
10.0,CD33 - D130E4_TRONROUT0000000245460028_0_TRONROUT0000000245460028_200,0.0,0.0,0.0,0.0,0.0,0.0,0.0689655,0.00985222
10.0,CD33 - D130E4_TRONROUT0000000245460028_200_TRONROUT0000000245460028_320,0.0,0.0,0.0,0.011363600000000001,0.0,0.0,0.102273,0.011363600000000001
7.55,CD33 - D130E5_TRONROUT0000000051525223_0_TRONROUT0000000051525223_200,0.0,0.0,0.0,0.00492611,0.0,0.00492611,0.23645300000000002,0.00492611
7.5,CD33 - D130E5_TRONROUT0000000051525223_200_TRONROUT0000000051525223_417,0.0,0.0,0.0410959,0.0,0.0,0.0,0.739726,0.0
7.5,CD33 - D130E5_TRONROUT0000000051525224_0_TRONROUT0000000051525224_225,0.0,0.00913242,0.013698599999999998,0.0,0.00456621,0.0,0.424658,0.0
7.5,CD33 - D130E5_TRONROUT0000000051525225_0_TRONROUT0000000051525225_147,0.0,0.027027,0.0,0.0,0.0,0.0,0.425676,0.0
7.5,CD33 - D130E5_TRONROUT0000000051525226_0_TRONROUT0000000051525226_36,0.0,0.0,0.0,0.0,0.0,0.0,0.18421099999999999,0.0
7.5,CD33 - D130E5_TRONROUT0000000051525228_0_TRONROUT0000000051525228_56,0.0,0.0,0.0175439,0.0,0.0,0.0,0.280702,0.0
7.5,CD33 - D130E5_TRONROUT0000000051525229_0_TRONROUT0000000051525229_39,0.0,0.0,0.0,0.0,0.0,0.0,0.35,0.0
7.5,CD33 - D130E5_TRONROUT0000000051525230_0_TRONROUT0000000051525230_51,0.0,0.0,0.0,0.0,0.0,0.0,0.62963,0.0
7.5,CD33 - D130E5_TRONROUT0000000051525231_0_TRONROUT0000000051525231_221,0.0,0.013761500000000001,0.0,0.027522900000000003,0.0,0.013761500000000001,0.20642199999999997,0.0
7.5,CD33 - D130E5_TRONROUT0000000051525232_0_TRONROUT0000000051525232_146,0.0,0.0344828,0.0137931,0.0,0.0,0.0,0.344828,0.0
7.5,CD33 - D130E5_TRONROUT0000000051529237_0_TRONROUT0000000051529237_22,0.0,0.0,0.0,0.0,0.0,0.0,0.545455,0.0
7.5,CD33 - D130E5_TRONROUT0000000051529248_0_TRONROUT0000000051529248_200,0.0,0.00985222,0.0689655,0.0,0.0,0.0,0.517241,0.0
7.5,CD33 - D130E5_TRONROUT0000000051529248_200_TRONROUT0000000051529248_352,0.0,0.0,0.02,0.0,0.0,0.0,0.213333,0.0
7.5,CD33 - D130E5_TRONROUT0000000051529251_0_TRONROUT0000000051529251_200,0.0,0.030456900000000002,0.0812183,0.0101523,0.00507614,0.0,0.406091,0.0
7.5,CD33 - D130E5_TRONROUT0000000051529251_200_TRONROUT0000000051529251_385,0.0,0.043478300000000004,0.0706522,0.0,0.0,0.0,0.467391,0.0
8.55578,CD33 - D130E5_TRONROUT0000000245460960_0_TRONROUT0000000245460960_255,0.0,0.0,0.004,0.004,0.0,0.0,0.324,0.0
9.42308,CD33 - D16_TRONROUT0000000051525253_0_TRONROUT0000000051525253_84,0.0,0.0,0.0465116,0.0116279,0.0,0.0,0.930233,0.0116279
10.0,CD33 - D231_TRONROUT0000000051541258_0_TRONROUT0000000051541258_166,0.0,0.0,0.012048200000000002,0.0,0.0,0.0,0.0361446,0.0
10.0,CD33 - D231_TRONROUT0000000051541260_0_TRONROUT0000000051541260_7,0.0,0.0,0.0,0.0,0.0,0.0,0.0,0.0
10.0,CD33 - D231_TRONROUT0000000051541265_0_TRONROUT0000000051541265_36,0.0,0.0,0.11111099999999999,0.0,0.0,0.0,0.0,0.0
10.0,CD33 - D231_TRONROUT0000000051545499_0_TRONROUT0000000051545499_272,0.0,0.0,0.010909100000000001,0.00363636,0.0,0.0,0.014545500000000001,0.0
5.52083,DOUARNENEZ - AV PABLO NERUDA_TRONROUT0000000023899208_0_TRONROUT0000000023899208_24,0.0,0.0,0.75,0.2,0.0,0.0,0.8,0.0
3.7987,DOUARNENEZ - AV PABLO NERUDA_TRONROUT0000000023899220_0_TRONROUT0000000023899220_79,0.0,0.0,0.759494,0.227848,0.0,0.151899,0.101266,0.0
0.9375,DOUARNENEZ - BD JEAN MOULIN_TRONROUT0000000023895013_0_TRONROUT0000000023895013_16,0.0,0.0,0.75,0.125,0.0,0.125,0.125,0.0
10.0,DOUARNENEZ - BD JEAN MOULIN_TRONROUT0000000023895053_0_TRONROUT0000000023895053_86,0.0,0.0,0.0697674,0.0,0.0,0.0,0.418605,0.0
10.0,DOUARNENEZ - BD JEAN MOULIN_TRONROUT0000000023895123_0_TRONROUT0000000023895123_213,0.0,0.05607480000000001,0.130841,0.0,0.0,0.00934579,0.28037399999999996,0.0233645
6.33333,DOUARNENEZ - BD JEAN MOULIN_TRONROUT0000000023895157_0_TRONROUT0000000023895157_59,0.0,0.0,0.918367,0.28571399999999997,0.0,0.14285699999999998,0.0612245,0.122449
9.75879,DOUARNENEZ - BD JEAN MOULIN_TRONROUT0000000023897288_0_TRONROUT0000000023897288_200,0.0,0.0,0.137931,0.0837438,0.0,0.0197044,0.0837438,0.00985222
3.15714,DOUARNENEZ - BD JEAN MOULIN_TRONROUT0000000023897288_200_TRONROUT0000000023897288_340,0.0,0.0217391,1.06522,0.514493,0.0,0.21739099999999997,0.144928,0.00724638
2.89362,DOUARNENEZ - BD JEAN MOULIN_TRONROUT0000000023897352_0_TRONROUT0000000023897352_94,0.0322581,0.0215054,0.623656,0.107527,0.0,0.505376,0.38709699999999997,0.172043
0.0,DOUARNENEZ - BD JEAN MOULIN_TRONROUT0000000074353436_0_TRONROUT0000000074353436_9,0.0,0.0,0.625,1.75,0.0,1.25,0.25,0.0
0.0,DOUARNENEZ - BD JEAN MOULIN_TRONROUT0000000074353437_0_TRONROUT0000000074353437_6,0.0,0.0,0.666667,2.0,0.0,0.166667,0.0,0.0
0.0,DOUARNENEZ - BD JEAN MOULIN_TRONROUT0000000074353442_0_TRONROUT0000000074353442_6,0.0,0.0,0.2,0.6,0.0,0.6,0.4,0.0
0.0,DOUARNENEZ - BD JEAN MOULIN_TRONROUT0000000074353443_0_TRONROUT0000000074353443_14,0.0,0.0,1.1,0.8,0.0,0.3,0.3,0.0
0.0,DOUARNENEZ - BD JEAN MOULIN_TRONROUT0000000074353445_0_TRONROUT0000000074353445_11,0.0,0.0,1.22222,2.11111,0.0,0.11111099999999999,0.22222199999999998,0.0
0.0,DOUARNENEZ - BD JEAN MOULIN_TRONROUT0000000074353448_0_TRONROUT0000000074353448_14,0.0,0.0,0.642857,1.0714299999999999,0.0,0.571429,0.0,0.0
0.166667,DOUARNENEZ - BD JEAN MOULIN_TRONROUT0000000074353449_0_TRONROUT0000000074353449_24,0.0,0.0,0.75,0.833333,0.0,0.333333,0.25,0.08333330000000001
7.0,DOUARNENEZ - BD JEAN MOULIN_TRONROUT0000000296121521_0_TRONROUT0000000296121521_98,0.0,0.030927800000000002,0.9690719999999999,0.103093,0.0,0.051546400000000006,0.402062,0.14432999999999999
1.7286400000000002,DOUARNENEZ - BD JEAN MOULIN_TRONROUT0000000296121558_0_TRONROUT0000000296121558_200,0.0,0.035,1.48,0.445,0.0,0.155,0.055,0.14
3.4482800000000005,DOUARNENEZ - BD JEAN MOULIN_TRONROUT0000000296121558_200_TRONROUT0000000296121558_374,0.00581395,0.0,1.01744,0.203488,0.0,0.11046500000000001,0.180233,0.00581395
10.0,DOUARNENEZ - BD JEAN MOULIN_TRONROUT0000000296121561_0_TRONROUT0000000296121561_12,0.0,0.0,0.307692,0.461538,0.0,0.0,0.692308,0.0
5.0,DOUARNENEZ - BD JEAN MOULIN_TRONROUT0000000296121651_0_TRONROUT0000000296121651_19,0.0,0.0,1.05882,0.470588,0.0,0.17647100000000002,0.0,0.0588235
10.0,DOUARNENEZ - BD JEAN MOULIN_TRONROUT0000000296121662_0_TRONROUT0000000296121662_26,0.0,0.08,0.08,0.0,0.0,0.0,0.4,0.0
5.44643,DOUARNENEZ - CHE DE KERGUESTEN_TRONROUT0000000023899236_0_TRONROUT0000000023899236_94,0.0,0.025,0.0375,0.0,0.0,0.0,0.4875,0.0
2.74194,DOUARNENEZ - CHE DU CORNIGOU_TRONROUT0000000023895102_0_TRONROUT0000000023895102_66,0.0185185,0.0740741,0.09259260000000001,1.16667,0.0,0.277778,0.925926,0.11111099999999999
8.075,DOUARNENEZ - CHE DU CORNIGOU_TRONROUT0000000023895163_0_TRONROUT0000000023895163_200,0.0,0.0591133,0.0541872,0.0788177,0.0,0.0147783,0.32019699999999995,0.0640394
7.45902,DOUARNENEZ - CHE DU CORNIGOU_TRONROUT0000000023895163_200_TRONROUT0000000023895163_322,0.024793400000000004,0.0909091,0.347107,0.00826446,0.0,0.0,0.363636,0.347107
6.48571,DOUARNENEZ - IMP DAHUT_TRONROUT0000000023897337_0_TRONROUT0000000023897337_44,0.0,0.0,0.0,0.0,0.0,0.0,0.634146,0.0243902
5.46512,DOUARNENEZ - IMP DAHUT_TRONROUT0000000023897358_0_TRONROUT0000000023897358_46,0.0,0.0285714,0.0,0.08571430000000001,0.0,0.0,1.0,0.0
5.0,DOUARNENEZ - IMP DAHUT_TRONROUT0000000023897390_0_TRONROUT0000000023897390_19,0.0,0.166667,0.0,0.055555600000000004,0.0,0.0,0.333333,0.0
5.0,DOUARNENEZ - KERGUILLIGUY_TRONROUT0000000023892348_0_TRONROUT0000000023892348_74,0.0,0.0,0.0,0.0,0.0166667,0.0,0.466667,0.0
7.907610000000001,DOUARNENEZ - KERGUILLIGUY_TRONROUT0000000023892366_0_TRONROUT0000000023892366_279,0.0,0.014652000000000002,0.0,0.00732601,0.00732601,0.0036630000000000005,0.479853,0.0036630000000000005
7.47835,DOUARNENEZ - KERGUILLIGUY_TRONROUT0000000023892368_0_TRONROUT0000000023892368_236,0.0,0.0,0.0131004,0.026200900000000003,0.0,0.00436681,0.42358100000000004,0.0218341
10.0,DOUARNENEZ - LANEVRY_TRONROUT0000000023892358_0_TRONROUT0000000023892358_16,0.0,0.0,0.0,0.0,0.0,0.0,1.11111,0.11111099999999999
6.11024,DOUARNENEZ - LANEVRY_TRONROUT0000000023892365_0_TRONROUT0000000023892365_255,0.0,0.0,0.0820312,0.0,0.0,0.019531200000000002,0.324219,0.0
8.84821,DOUARNENEZ - LANEVRY_TRONROUT0000000023892367_0_TRONROUT0000000023892367_169,0.0,0.0253165,0.0253165,0.012658200000000001,0.0189873,0.012658200000000001,0.335443,0.00632911
6.7587,DOUARNENEZ - LE RIS HUELLA_TRONROUT0000000023892371_0_TRONROUT0000000023892371_235,0.0,0.0,0.025974,0.0043289999999999995,0.0,0.0,0.30303,0.0
8.39504,DOUARNENEZ - LE RIS HUELLA_TRONROUT0000002009243520_0_TRONROUT0000002009243520_262,0.0,0.0190114,0.106464,0.0,0.0,0.0,0.30038000000000004,0.0
5.1017,DOUARNENEZ - R DE L AUBEPINE_TRONROUT0000000023895115_0_TRONROUT0000000023895115_60,0.0,0.0,0.20339000000000002,0.118644,0.0,0.0677966,0.559322,0.22033899999999998
6.243180000000001,DOUARNENEZ - R DE L AUBEPINE_TRONROUT0000002215807910_0_TRONROUT0000002215807910_220,0.0,0.0321101,0.25688099999999997,0.0733945,0.00458716,0.0183486,0.701835,0.220183
10.0,DOUARNENEZ - R DES CARAVELLES_TRONROUT0000002215807899_0_TRONROUT0000002215807899_15,0.0,0.125,0.0,0.125,0.0,0.0,0.875,0.125
10.0,DOUARNENEZ - R DES CARAVELLES_TRONROUT0000002215807901_0_TRONROUT0000002215807901_21,0.0,0.03125,0.03125,0.0,0.0,0.0,0.75,0.0
1.47727,DOUARNENEZ - R DU MENHIR_TRONROUT0000000023895117_0_TRONROUT0000000023895117_45,0.0,0.166667,0.666667,0.119048,0.047619,0.428571,1.38095,0.047619
0.651786,DOUARNENEZ - R DU MENHIR_TRONROUT0000000296121538_0_TRONROUT0000000296121538_58,0.0,0.0877193,0.9649120000000001,0.280702,0.0175439,0.03508769999999999,0.9122809999999999,0.175439
0.530612,DOUARNENEZ - R ETIENNE KERNOURS_TRONROUT0000000023897281_0_TRONROUT0000000023897281_49,0.0,0.0,0.306122,0.408163,0.0,1.77551,0.22449000000000002,0.0612245
9.83871,DOUARNENEZ - R ETIENNE KERNOURS_TRONROUT0000000023897284_0_TRONROUT0000000023897284_31,0.0,0.0,0.225806,0.225806,0.0,0.0,0.16129000000000002,0.0322581
10.0,DOUARNENEZ - R ETIENNE KERNOURS_TRONROUT0000000023897286_0_TRONROUT0000000023897286_36,0.0,0.0,0.027777800000000002,0.0,0.0,0.0,0.0,0.0
1.08696,DOUARNENEZ - R ETIENNE KERNOURS_TRONROUT0000000023897287_0_TRONROUT0000000023897287_47,0.0,0.043478300000000004,0.0217391,0.282609,0.0,0.8913040000000001,0.586957,0.0652174
9.33333,DOUARNENEZ - R ETIENNE KERNOURS_TRONROUT0000000023897312_0_TRONROUT0000000023897312_21,0.0,0.0,0.0,0.0,0.0,0.0,0.0952381,0.0952381
0.0,DOUARNENEZ - R ETIENNE KERNOURS_TRONROUT0000000023897322_0_TRONROUT0000000023897322_19,0.0,0.10526300000000001,0.736842,0.0526316,0.0,1.31579,0.10526300000000001,0.0
10.0,DOUARNENEZ - R ETIENNE KERNOURS_TRONROUT0000000296121540_0_TRONROUT0000000296121540_12,0.0,0.0,0.0909091,0.0,0.0,0.0,0.0,0.0
10.0,DOUARNENEZ - R ETIENNE KERNOURS_TRONROUT0000000296121548_0_TRONROUT0000000296121548_8,0.0,0.0,0.0,0.25,0.0,0.25,0.0,0.0
1.0,DOUARNENEZ - R ETIENNE KERNOURS_TRONROUT0000000296121571_0_TRONROUT0000000296121571_20,0.0,0.0,0.45,0.2,0.0,0.6,0.35,0.4
10.0,DOUARNENEZ - R ETIENNE KERNOURS_TRONROUT0000000296121648_0_TRONROUT0000000296121648_16,0.0,0.0,0.13333299999999998,0.0,0.0,0.0,0.0,0.0666667
10.0,DOUARNENEZ - R ETIENNE KERNOURS_TRONROUT0000000296121652_0_TRONROUT0000000296121652_20,0.0,0.0,0.0,0.1,0.0,0.0,0.05,0.15
3.89161,DOUARNENEZ - R EUGENE LUCAS_TRONROUT0000000023899197_0_TRONROUT0000000023899197_286,0.010204099999999999,0.0986395,0.0510204,0.054421800000000006,0.010204099999999999,0.020408199999999998,0.7517010000000001,0.207483
6.754810000000001,DOUARNENEZ - R PIERRE BELBEOCH_TRONROUT0000000023897316_0_TRONROUT0000000023897316_105,0.0,0.00952381,0.0,0.0190476,0.0190476,0.0,1.13333,0.580952
5.0,DOUARNENEZ - R PIERRE BELBEOCH_TRONROUT0000000023897318_0_TRONROUT0000000023897318_12,0.0,0.0,0.0,0.0,0.0,0.0909091,1.81818,0.0
5.0,DOUARNENEZ - R PIERRE BELBEOCH_TRONROUT0000000023897333_0_TRONROUT0000000023897333_44,0.0,0.277778,0.055555600000000004,0.0,0.11111099999999999,0.0,0.388889,0.0
5.78125,DOUARNENEZ - R PIERRE BELBEOCH_TRONROUT0000000023897353_0_TRONROUT0000000023897353_23,0.0,0.11111099999999999,0.0,0.0,0.166667,0.0,3.0,0.166667
5.0814,DOUARNENEZ - R PIERRE BELBEOCH_TRONROUT0000000023897376_0_TRONROUT0000000023897376_52,0.0,0.304348,0.0,0.108696,0.0,0.0869565,0.673913,0.5217390000000001
9.52632,DOUARNENEZ - R PIERRE BELBEOCH_TRONROUT0000000023897401_0_TRONROUT0000000023897401_19,0.0,0.04,0.0,0.0,0.04,0.0,1.96,0.0
5.625,DOUARNENEZ - R PIERRE BELBEOCH_TRONROUT0000000023899206_0_TRONROUT0000000023899206_27,0.0,1.1,0.0,0.0,0.0,0.0,1.0,0.0
7.5,DOUARNENEZ - R PIERRE BELBEOCH_TRONROUT0000000023899217_0_TRONROUT0000000023899217_14,0.0,0.1,0.2,0.2,0.0,0.1,0.9,0.2
5.0,DOUARNENEZ - R PIERRE BELBEOCH_TRONROUT0000000023899219_0_TRONROUT0000000023899219_177,0.0,0.23595500000000003,0.00561798,0.0280899,0.00561798,0.011236,2.48315,0.0168539
5.0,DOUARNENEZ - R PIERRE BELBEOCH_TRONROUT0000000296121655_0_TRONROUT0000000296121655_41,0.0,0.097561,0.0,0.146341,0.0243902,0.0243902,2.36585,0.0243902
3.11538,DOUARNENEZ - RPT DE KERHARO_TRONROUT0000000023897278_0_TRONROUT0000000023897278_41,0.0,0.0,0.409091,1.31818,0.0,0.409091,0.136364,0.0454545
3.02941,DOUARNENEZ - RPT DE KERHARO_TRONROUT0000000023897279_0_TRONROUT0000000023897279_34,0.0,0.0,1.51613,0.677419,0.0,0.12903199999999998,0.322581,0.0322581
10.0,DOUARNENEZ - RPT DE KERVENT_TRONROUT0000002215807893_0_TRONROUT0000002215807893_3,0.0,0.0,0.0,0.0,0.0,0.0,0.0,0.0
10.0,DOUARNENEZ - RTE DE POULLAN_TRONROUT0000000023895231_0_TRONROUT0000000023895231_68,0.0,0.0,0.0597015,0.0298507,0.0,0.0,0.0895522,0.014925399999999998
7.86429,DOUARNENEZ - RTE DE POULLAN_TRONROUT0000000023895237_0_TRONROUT0000000023895237_71,0.0,0.0,0.0422535,0.0140845,0.0,0.0,0.56338,0.028169
10.0,DOUARNENEZ - RTE DE POULLAN_TRONROUT0000002215807895_0_TRONROUT0000002215807895_25,0.0,0.0,0.0,0.08,0.0,0.0,1.08,0.0
10.0,VANNES - AV DU 4 AOUT 1944_TRONROUT0000000087740742_0_TRONROUT0000000087740742_29,0.0344828,0.0,0.0,0.0,0.0,0.0,0.0,0.0
9.3913,VANNES - AV DU 4 AOUT 1944_TRONROUT0000000087740754_0_TRONROUT0000000087740754_69,0.0,0.0,0.173913,0.07246380000000001,0.0,0.0,0.0289855,0.07246380000000001
9.62963,VANNES - AV DU 4 AOUT 1944_TRONROUT0000000087740762_0_TRONROUT0000000087740762_49,0.0,0.0,0.148148,0.0740741,0.0,0.185185,0.0,0.185185
8.78235,VANNES - AV DU 4 AOUT 1944_TRONROUT0000000087744264_0_TRONROUT0000000087744264_171,0.011560700000000002,0.011560700000000002,0.11560699999999999,0.16185,0.0,0.04624280000000001,0.0982659,0.48554899999999995
10.0,VANNES - AV DU 4 AOUT 1944_TRONROUT0000000228308468_0_TRONROUT0000000228308468_19,0.0,0.0,0.157895,0.0,0.0,0.0,0.0,0.789474
10.0,VANNES - AV EDGAR DEGAS_TRONROUT0000000087744131_0_TRONROUT0000000087744131_36,0.0,0.0,0.0285714,0.057142899999999996,0.0,0.0285714,0.11428599999999998,0.171429
10.0,VANNES - AV EDGAR DEGAS_TRONROUT0000000087744188_0_TRONROUT0000000087744188_9,0.0,0.0,0.0,0.0,0.0,0.0,0.333333,0.0
10.0,VANNES - AV EDGAR DEGAS_TRONROUT0000000087744241_0_TRONROUT0000000087744241_20,0.0,0.0,0.0,0.1,0.0,0.0,0.25,0.1
10.0,VANNES - AV EDGAR DEGAS_TRONROUT0000000087744250_0_TRONROUT0000000087744250_97,0.0,0.0,0.0,0.010204099999999999,0.0,0.0,0.0816327,0.010204099999999999
10.0,VANNES - AV EDGAR DEGAS_TRONROUT0000000087744254_0_TRONROUT0000000087744254_20,0.0,0.0,0.0,0.0,0.0,0.0,0.0952381,0.0
10.0,VANNES - AV EDGAR DEGAS_TRONROUT0000000087744307_0_TRONROUT0000000087744307_107,0.00943396,0.0188679,0.0377358,0.0,0.0,0.0,0.0283019,0.0377358
10.0,VANNES - AV EDGAR DEGAS_TRONROUT0000000113475950_0_TRONROUT0000000113475950_16,0.0,0.0,0.0,0.0,0.0,0.0,0.0,0.0
10.0,VANNES - AV EDGAR DEGAS_TRONROUT0000000228308399_0_TRONROUT0000000228308399_61,0.016393400000000002,0.0,0.016393400000000002,0.016393400000000002,0.0,0.0,0.016393400000000002,0.0491803
10.0,VANNES - AV EDGAR DEGAS_TRONROUT0000000296508594_0_TRONROUT0000000296508594_25,0.0,0.0,0.04,0.08,0.0,0.0,0.08,0.04
10.0,VANNES - AV EDGAR DEGAS_TRONROUT0000000296508626_0_TRONROUT0000000296508626_14,0.0,0.0,0.0,0.0,0.0,0.0,0.0,0.0
10.0,VANNES - AV EDGAR DEGAS_TRONROUT0000000306713064_0_TRONROUT0000000306713064_68,0.0,0.0,0.0597015,0.0447761,0.0,0.0,0.119403,0.0
10.0,VANNES - AV EDGAR DEGAS_TRONROUT0000000316342515_0_TRONROUT0000000316342515_101,0.0,0.0,0.0631579,0.08421050000000001,0.0,0.0,0.16842100000000002,0.0315789
7.857139999999999,VANNES - AV EDGAR DEGAS_TRONROUT0000000342118005_0_TRONROUT0000000342118005_7,0.0,0.0,0.714286,0.14285699999999998,0.0,0.0,0.14285699999999998,0.0
9.49367,VANNES - AV EDGAR DEGAS_TRONROUT0000002204031978_0_TRONROUT0000002204031978_79,0.0,0.0,0.07594939999999999,0.07594939999999999,0.0,0.03797469999999999,0.151899,0.0
6.897639999999999,VANNES - AV GEORGES POMPIDOU_TRONROUT0000000087747541_0_TRONROUT0000000087747541_128,0.0,0.0,0.141732,0.015747999999999998,0.0,0.0944882,0.0,0.0393701
6.58385,VANNES - AV GEORGES POMPIDOU_TRONROUT0000000087747563_0_TRONROUT0000000087747563_161,0.0,0.012422399999999998,0.416149,0.0621118,0.0,0.279503,0.0372671,0.00621118
10.0,VANNES - AV GEORGES POMPIDOU_TRONROUT0000000087747674_0_TRONROUT0000000087747674_22,0.0,0.0,0.05,0.0,0.0,0.0,0.0,0.0
10.0,VANNES - AV GEORGES POMPIDOU_TRONROUT0000000087747679_0_TRONROUT0000000087747679_17,0.0,0.0,0.0,0.0,0.0,0.0,0.0,0.0
10.0,VANNES - AV GEORGES POMPIDOU_TRONROUT0000000087747680_0_TRONROUT0000000087747680_18,0.0,0.0,0.117647,0.0,0.0,0.0588235,0.0588235,0.0
10.0,VANNES - AV GEORGES POMPIDOU_TRONROUT0000000087747694_0_TRONROUT0000000087747694_18,0.0,0.0,0.190476,0.047619,0.0,0.0,0.0,0.0
10.0,VANNES - AV GEORGES POMPIDOU_TRONROUT0000000087747741_0_TRONROUT0000000087747741_5,0.0,0.0,0.0,0.0,0.0,0.0,0.0,0.0
8.657,VANNES - AV GEORGES POMPIDOU_TRONROUT0000000087747792_0_TRONROUT0000000087747792_210,0.0,0.00471698,0.136792,0.0,0.0,0.0377358,0.00471698,0.0
10.0,VANNES - AV GEORGES POMPIDOU_TRONROUT0000000227875736_0_TRONROUT0000000227875736_15,0.0,0.0,0.0,0.0,0.0,0.0,0.0,0.0
10.0,VANNES - AV GEORGES POMPIDOU_TRONROUT0000000296508402_0_TRONROUT0000000296508402_20,0.0,0.0,0.0,0.0,0.0,0.0,0.0,0.0
10.0,VANNES - AV GEORGES POMPIDOU_TRONROUT0000000296508405_0_TRONROUT0000000296508405_17,0.0,0.0,0.11111099999999999,0.0,0.0,0.0,0.0,0.0
8.80435,VANNES - AV PAUL CEZANNE_TRONROUT0000000087744228_0_TRONROUT0000000087744228_52,0.0,0.0,0.0869565,0.0,0.0,0.043478300000000004,0.043478300000000004,0.043478300000000004
3.02083,VANNES - AV PAUL CEZANNE_TRONROUT0000000087744229_0_TRONROUT0000000087744229_120,0.0,0.0333333,0.125,0.14166700000000002,0.0,0.625,0.258333,0.116667
9.675,VANNES - AV PAUL CEZANNE_TRONROUT0000000087744288_0_TRONROUT0000000087744288_101,0.038835,0.0,0.116505,0.15534,0.0,0.0,0.23301,0.378641
10.0,VANNES - AV PAUL CEZANNE_TRONROUT0000002244083818_0_TRONROUT0000002244083818_99,0.0,0.032967,0.0879121,0.07692310000000001,0.0,0.032967,0.043956,0.032967
4.46154,VANNES - GIRATOIRE FR DE CHATEAUBRIAND_TRONROUT0000000316342448_0_TRONROUT0000000316342448_27,0.0,0.5,0.625,0.125,0.0,0.5,0.0,0.0
8.68966,VANNES - GIRATOIRE FR DE CHATEAUBRIAND_TRONROUT0000000316342450_0_TRONROUT0000000316342450_30,0.0,0.0,0.4,0.13333299999999998,0.0,0.0,0.0,0.0333333
6.45455,VANNES - GIRATOIRE FR DE CHATEAUBRIAND_TRONROUT0000000316342454_0_TRONROUT0000000316342454_22,0.0,0.0,0.190476,0.47618999999999995,0.0,0.380952,0.0,0.0
9.4186,VANNES - PL HENRI AUFFRET_TRONROUT0000000342118006_0_TRONROUT0000000342118006_89,0.0,0.0,0.08988760000000001,0.337079,0.0,0.0,0.0337079,0.044943800000000006
10.0,VANNES - R DES GRANDES MURAILLES_TRONROUT0000000113476123_0_TRONROUT0000000113476123_27,0.037037,0.0,0.0,0.037037,0.0,0.0,0.0,0.037037
7.38462,VANNES - R DES GRANDES MURAILLES_TRONROUT0000000113476224_0_TRONROUT0000000113476224_104,0.0,0.0,0.653846,0.0961538,0.0,0.00961538,0.0384615,0.0
9.91892,VANNES - R DES GRANDES MURAILLES_TRONROUT0000000113476226_0_TRONROUT0000000113476226_153,0.020408199999999998,0.115646,0.22449000000000002,0.0408163,0.0,0.0136054,0.020408199999999998,0.52381
7.84483,VANNES - R DES GRANDES MURAILLES_TRONROUT0000000113476227_0_TRONROUT0000000113476227_30,0.0333333,0.0,0.366667,0.0333333,0.0,0.0,0.13333299999999998,0.0
5.36038,VANNES - R DES GRANDES MURAILLES_TRONROUT0000000113476228_0_TRONROUT0000000113476228_266,0.015094299999999998,0.03396230000000001,0.649057,0.090566,0.0,0.08301889999999999,0.07924529999999999,0.0301887
9.871789999999999,VANNES - R DES GRANDES MURAILLES_TRONROUT0000000113476229_0_TRONROUT0000000113476229_79,0.0,0.0,0.0125,0.0375,0.0,0.0,0.0,0.0125
6.805560000000001,VANNES - R DES GRANDES MURAILLES_TRONROUT0000000316342537_0_TRONROUT0000000316342537_73,0.0,0.0135135,1.09459,0.0405405,0.0,0.0,0.0,0.0
4.4385,VANNES - R DU CAPITAINE JUDE_TRONROUT0000000087747573_0_TRONROUT0000000087747573_188,0.0,0.010582,0.613757,0.021164,0.0,0.15343900000000002,0.00529101,0.0529101
3.32075,VANNES - R DU CAPITAINE JUDE_TRONROUT0000000087747576_0_TRONROUT0000000087747576_53,0.0,0.0222222,0.8888889999999999,0.08888889999999999,0.0,0.511111,0.0222222,0.0
6.11765,VANNES - R FRANCOIS-RENE DE CHATEAUBRIAND_TRONROUT0000000087747497_0_TRONROUT0000000087747497_18,0.0,0.117647,0.941176,0.117647,0.0,0.0,0.0,0.0
10.0,VANNES - R FRANCOIS-RENE DE CHATEAUBRIAND_TRONROUT0000000113475743_0_TRONROUT0000000113475743_10,0.0,0.0,0.0,0.0,0.0,0.0,0.0,0.0
10.0,VANNES - R FRANCOIS-RENE DE CHATEAUBRIAND_TRONROUT0000000113475744_0_TRONROUT0000000113475744_19,0.0,0.0,0.0,0.0,0.0,0.055555600000000004,0.0,0.055555600000000004
10.0,VANNES - R FRANCOIS-RENE DE CHATEAUBRIAND_TRONROUT0000000113475901_0_TRONROUT0000000113475901_63,0.0,0.0,0.0,0.0,0.0,0.0,0.0,0.0
7.0,VANNES - R FRANCOIS-RENE DE CHATEAUBRIAND_TRONROUT0000000113475902_0_TRONROUT0000000113475902_10,0.0,0.0,0.333333,0.0,0.0,0.0,0.0,0.0
7.0,VANNES - R FRANCOIS-RENE DE CHATEAUBRIAND_TRONROUT0000000113475903_0_TRONROUT0000000113475903_15,0.0,0.0,0.0,0.1875,0.0,0.0,0.0,0.0
10.0,VANNES - R FRANCOIS-RENE DE CHATEAUBRIAND_TRONROUT0000000113476222_0_TRONROUT0000000113476222_13,0.0,0.0,0.0,0.14285699999999998,0.0,0.0,0.0,0.07142860000000001
5.65517,VANNES - R FRANCOIS-RENE DE CHATEAUBRIAND_TRONROUT0000000296508555_0_TRONROUT0000000296508555_58,0.0,0.103448,0.241379,0.0,0.0,0.0172414,0.0,0.241379
9.259260000000001,VANNES - R FRANCOIS-RENE DE CHATEAUBRIAND_TRONROUT0000000316342380_0_TRONROUT0000000316342380_27,0.0,0.0,0.296296,0.0,0.0,0.148148,0.0,0.0
10.0,VANNES - R MARIE LAURENCIN_TRONROUT0000000342118004_0_TRONROUT0000000342118004_58,0.0,0.0,0.0,0.344828,0.0,0.0,0.0344828,0.172414
10.0,VANNES - R MARIE LAURENCIN_TRONROUT0000002207376680_0_TRONROUT0000002207376680_23,0.0,0.0,0.041666699999999994,0.25,0.0,0.0,0.041666699999999994,0.75
10.0,VANNES - R MARIE LAURENCIN_TRONROUT0000002207376685_0_TRONROUT0000002207376685_6,0.0,0.0,0.0,0.4,0.0,0.0,0.2,0.0
10.0,VANNES - R MARIE LAURENCIN_TRONROUT0000002207376698_0_TRONROUT0000002207376698_20,0.0,0.0,0.0,0.65,0.0,0.0,0.15,0.0
